<?xml version="1.0" encoding="UTF-8" standalone="yes"?>
<addon id="repository.tvwatch"
        name="TvWatch Repository"
        version="0.0.1"
        provider-name="Primatech">
    <extension point="xbmc.addon.repository" name="TvWatch XBMC Addon Repository">
        <checksum>https://raw.githubusercontent.com/zakaria220/TvWatch/master/repository/addon.xml.md5</checksum>
        <info compressed="false">https://raw.githubusercontent.com/zakaria220/TvWatch/master/repository/addon.xml</info>
        <datadir zip="true">https://github.com/zakaria220/TvWatch/raw/master/repository</datadir>
    </extension>

    <extension point="xbmc.addon.metadata">
        <summary lang="fr">TvWatch Repository</summary>
        <description lang="fr">Telecharger et Installer TvWatch</description>
        <summary lang="en">TvWatch Repository</summary>
        <description lang="en">Download and install TvWatch</description>
        <platform>all</platform>
    </extension>
</addon>